{
     "taskMgmtPage": {

         "loginBtn": {
            "locatorType": "css",
            "locatorValue": ".island-button"
        },
        "signInButton": {
            "locatorType": "id",
            "locatorValue": "submitFrm"
        },
		"username": {
            "locatorType": "name",
            "locatorValue": "username"
        },
		"password": {
            "locatorType": "name",
            "locatorValue": "password"
        },

        "taskMangmntTab": {
            "locatorType": "xpath",
            "locatorValue": "//*[@id='js-navigation-plan.0.1']/a"
        },

		"turbineTaskStatusLink":{
            "locatorType": "cssArray",
            "value":{
              "locatorValue": "div.taskList.ng-scope",
              "index":1
            }
        },

		"date": {
		 "locatorType": "cssArray",
            "value":{
              "locatorValue": ".table tr td.ng-binding",
              "index":0
            }
        },

		"reg": {
		 "locatorType": "css",
            "locatorValue": ".content_dd"
        },

        "taskType1": {
            "locatorType": "xpath",
            "locatorValue": "//div[@class='row ng-scope']/div[2]/div[2]/div[4]/div"
        },


		"taskPlanTabInfo": {
            "locatorType": "xpath",
            "locatorValue": "//*[@id='tabtitle'][text()='Plan']"
        },

		 "assetTypeLabel": {
            "locatorType": "xpath",
            "locatorValue": "//*[@id='myModal-title'][text()='Choose asset type']"
        },

        "planLabel": {
            "locatorType": "class",
            "locatorValue": "section_title ng-scope"
        },

        "assetTypeDropDown": {
            "locatorType": "class",
            "locatorValue": "style-scope px-dropdown x-scope px-dropdown-text-0"
        },
		"taskExecutionTab": {
            "locatorType": "xpath",
            "locatorValue": "//*[@id='tabtitle'][text()='Execution']"
        },
        "descrptionTextField": {
            "locatorType": "xpath",
            "locatorValue": "//*[@id='content'][text()='Description']"
        },

        "exeTabCompleteDateField": {
            "locatorType": "xpath",
            "locatorValue": "//section[@class='ng-scope']/table/tbody/tr[2]/td"
        },
        "completeDateField": {
            "locatorType": "xpath",
            "locatorValue": "//table[@class='table task_header_section']/tbody/tr[2]/td[3]"
        },
        "dpodMenuLnk": {
            "locatorType": "xpath",
            "locatorValue": "//*[@id='js-drawer']/div[1]/a"
        },

        "createButton": {
            "locatorType": "css",
            "locatorValue": ".btn.btn--primary.modal-trigger.create-btn"
        },
        "leftNav": {
         "locatorType": "css",
         "locatorValue": "[title='Personnel Management']"
       },
       "leftNavDPOD":{
         "locatorType": "css",
         "locatorValue": "[title='Plan of The Day']"
       },

       "addButton1": {
         "locatorTye": "css",
         "locatorValue": "#createIcon button"
       },

        "titleField": {
            "locatorType": "xpath",
            "locatorValue": "//input[@id='title']"
        },
        "siteLeveltitleField": {
            "locatorType": "xpath",
            "locatorValue": "//input[@id='title']"
        },

        "descriptionField": {
            "locatorType": "xpath",
            "locatorValue": "//div[label[text()='Description ']]/textarea[@id='description']"
        },

        "categoryDropdown": {
		 "locatorType": "cssArray",
            "value":{
              "locatorValue": ".ng-valid.ng-scope.disabled.ng-touched.ng-dirty.ng-valid-parse.ng-empty option",
              "index":4
            }
        },

        "categoryDropdown1": {
		 "locatorType": "xpath",
              "locatorValue": "//iron-collapse[@id='createTurbine']/div/div[3]/form/div[4]/div[2]/select/option[9]"
        },
        "categoryDropdown2": {
		 "locatorType": "xpath",
              "locatorValue": "//iron-collapse[@id='createTurbine']/div/div[3]/form/div[4]/div[2]/select/option[4]"
        },
        "categorySelect": {
		 "locatorType": "xpath",
              "locatorValue": "//iron-collapse[@id='createTurbine']/div/div[3]/form/div[4]/div[2]/select/option[3]"
        },

        "groupDropdown": {
		 "locatorType": "cssArray",
            "value":{
              "locatorValue": ".ng-pristine.ng-valid.ng-not-empty.ng-touched option",
              "index":1
            }
        },

        "turbinesIcon1": {
            "locatorType": "css",
            "locatorValue": "#createTurbine > div > div.t_page > form > h3.ng-binding.ng-scope > iron-icon"
        },
        "turbinesIcon": {
            "locatorType": "xpath",
            "locatorValue": "//*[@id='createTurbine']/div/div[3]/form/h3[2]/iron-icon"
        },
        "turbineSearch": {
            "locatorType": "xpath",
            "locatorValue": "//*[@id='content']/table/tbody/tr[1]/td/section/div/div/div/div[2]/div[1]/div/input"
        },
        "turbineSelectAll": {
            "locatorType": "css",
            "locatorValue": "#content > table > tbody > tr:nth-child(1) > td > section > div > div > div > div:nth-child(2) > div.col-md-12 > div > button"
        },
        "turbines43": {
            "locatorType": "xpath",
            "locatorValue": "//*[@id='content']/section/div/div/div/div[2]/div[2]/div[43]/span[1]/input"
        },

        "turbines114": {
            "locatorType": "xpath",
            "locatorValue": "//*[@id='content']/section/div/div/div/div[2]/div[2]/div[1]/span[1]/input"
        },
         "turbines141": {
            "locatorType": "css",
            "locatorValue": "#content > section > div > div > div > div:nth-child(2) > div:nth-child(2) > div:nth-child(2) > span:nth-child(1) > input"
        },
        "turbinesSelectionSaveBtn": {
            "locatorType": "xpath",
            "locatorValue": "//div[@class='setright']/button[text()='Save']"
        },
        "priorityDropdown": {
		 "locatorType": "xpath",
         "locatorValue": "//*[@id='createTurbine']/div/div[3]/form/div[10]/div[1]/select/option[3]"
        },
        "sitePriorityDropdown": {
		 "locatorType": "xpath",
         "locatorValue": "//*[@id='createTurbine']/div/div[3]/form/div[7]/div[1]/select/option[3]"
        },
        "estimatedTechsDropdown": {
		 "locatorType": "xpath",
         "locatorValue": "//*[@id='createTurbine']/div/div[3]/form/div[10]/div[2]/select/option[3]"
        },
        "siteEstimatedTechsDropdown": {
		 "locatorType": "xpath",
         "locatorValue": "//*[@id='createTurbine']/div/div[3]/form/div[7]/div[2]/select/option[3]"
        },
        "dueDateBtn": {
            "locatorType": "xpath",
            "locatorValue": "(//iron-icon[@id='icon'])[4]"
        },
        "dueDateSelection": {
            "locatorType": "xpath",
            "locatorValue": "(//div[@class='flex__item--middle today u-mb- style-scope px-datetime-picker'])[4]"
        },
        "eligibilityDateBtn": {
            "locatorType": "xpath",
            "locatorValue": "(//iron-icon[@id='icon'])[2]"
        },
        "eligibilityDateSelection": {
            "locatorType": "xpath",
            "locatorValue": "(//div[@class='flex__item--middle today u-mb- style-scope px-datetime-picker'])[2]"
        },

        "recurrenceDropdown": {
		 "locatorType": "xpath",
         "locatorValue": "//*[@id='createTurbine']/div/div[3]/form/div[16]/div[1]/select/option[2]"
        },
        "recurrenceEndAfterBtn": {
            "locatorType": "xpath",
            "locatorValue": "//input[@id='endAfter']"
        },
        "recurrenceEndAfterTxt": {
            "locatorType": "xpath",
            "locatorValue": "//input[@id='occ']"
        },

        "workDurationSection": {
          "locatorType": "xpath",
          "locatorValue": "(//*[@id='workModule'])[1]"
        },

        "workDuration": {
          "locatorType": "xpath",
          "locatorValue": "(//*[@id='workModule']/div[1]/ng-form/div[4]/input[2])[1]"
        },


        "crewNameEdit": {
            "locatorType": "xpath",
            "locatorValue": "//*[@id='crew_section_widget']/div[1]/div/form/input"
        },

        "crewsHeader": {
            "locatorType": "xpath",
            "locatorValue": "//*[@id='animated-demo']/div[2]/div/section/section/p[1]"
        },

        "recipientButton": {
            "locatorType": "id",
            "locatorValue": "rptRecipient"
        },

        "recipientEmailAdded": {
            "locatorType": "xpath",
            "locatorValue": "//*[@id='displayRecipient']/div/div[2]/div/div[2]/div[2]/div/span[1]"
        },

        "previewButton": {
            "locatorType": "xpath",
            "locatorValue": "//*[@id='reportFull']/div[2]/div[2]/div/span[1]/button[1]"
        },


        "printToEmailButton": {
            "locatorType": "xpath",
            "locatorValue": "//*[@id='reportFull']/div[2]/div[2]/div/span[1]/button[2]"
        },

        "cancelButton": {
            "locatorType": "xpath",
            "locatorValue": "//*[@id='reportFull']/div[2]/div[2]/div/span[1]/button[1]"
        },


        "recipientEmailId": {
            "locatorType": "xpath",
            "locatorValue": "//*[@id='displayRecipient']/div/div[2]/div/div[2]/div[1]/div/input"
        },

        "recipientBackButton": {
            "locatorType": "id",
            "locatorValue": "rptRecipient"
        },


        "partsNeededTxtField": {
            "locatorType": "xpath",
            "locatorValue": "//div[label[text()='Parts Needed']]/textarea[@id='description']"
        },
       "techNotesTxtField": {
            "locatorType": "xpath",
            "locatorValue": "//div[label[text()='Tech Notes ']]/textarea[@id='description']"
        },
        "pODEODNotesTxtField": {
            "locatorType": "xpath",
            "locatorValue": "//div[label[text()='POD/ EOD Notes']]/textarea[@id='description']"
        },
        "clickOnChoosefile": {
            "locatorType": "xpath",
            "locatorValue": "//*[@id='fileButton']"
        },
        "clickAddBtn": {
            "locatorType": "xpath",
            "locatorValue": "//*[@class='btn btn--primary create-btn ng-scope'][contains(@ng-disabled,'isFileUploading')]"
        },

        "clickOnFirstTask": {
            "locatorType": "xpath",
            "locatorValue": "(//*[@id='task-0']/span[2]/a)[1]"
        },


        "successOkBtn": {
            "locatorType": "xpath",
            "locatorValue": "//div[@style='visibility: visible;']/section[@class='modal__content u-p+ style-scope px-modal']//div/button[text()='Ok']"
        },
        "activeSearchBtn": {
            "locatorType": "xpath",
            "locatorValue": "//*[@id='content']/section/div/div/div[2]/table/tbody/tr[1]/td[1]/div/div[1]/div[1]/input"
        },

        "createdTaskVerfication1": {
            "locatorType": "xpath",
            "locatorValue": "//*[@id='content']/section/div/div[2]/table/tbody/tr[1]/td[1]/div/div[3]/div[3]/div[2]/div[4]/div"
        },
        "createdTaskVerfication2": {
            "locatorType": "xpath",
            "locatorValue": "//*[@id='content']/section/div/div[2]/table/tbody/tr[1]/td[1]/div/div[3]/div[2]/div[2]/div[4]/div"
        },
        "createdTaskTurbine1": {
            "locatorType": "xpath",
            "locatorValue": "(//*[@class='task_code task-badge-1'])[1]"
        },
        "createdTaskSite": {
            "locatorType": "xpath",
            "locatorValue": "(//*[@class='task_code task-badge- ng-binding ng-scope'])[1]"
        },
        "createdTaskTurbine2": {
            "locatorType": "xpath",
            "locatorValue": "(//*[@class='task_code task-badge-1'])[1]"
        },
        "completedTaskTurbine1": {
            "locatorType": "xpath",
            "locatorValue": "(//*[@class='task_code task-badge-1'])[1]"
        },
        "completedTaskTurbine3": {
            "locatorType": "xpath",
            "locatorValue": "(//*[@class='task_code task-badge-1'])[1]"
        },
        "completedTaskVerification": {
            "locatorType": "xpath",
            "locatorValue": "(//*[@class='camelcase ng-binding'])[1]"
        },
        "completedTaskVerification1": {
            "locatorType": "xpath",
            "locatorValue": "(//*[@class='camelcase ng-binding'])[2]"
        },
        "turbineVerification": {
            "locatorType": "xpath",
            "locatorValue": "(//*[@class='ng-binding ng-scope'])[1]"
        },
        "turbineTaskStatusLink1":{
            "locatorType": "cssArray",
            "value":{
              "locatorValue": "div.taskList.ng-scope",
              "index":0
           }
        },
        "editTaskBtn": {
            "locatorType": "xpath",
            "locatorValue": "//div[@class='section_title ng-binding ng-scope']/i[@title='Edit']"
        },
        "editExecutionTab": {
            "locatorType": "xpath",
            "locatorValue": "//*[@id='createTurbine']/div/div[1]/div[2]/div/div/span[3]"
        },
        "editTaskStatusCompletedChkbox": {
            "locatorType": "xpath",
            "locatorValue": "//iron-collapse[@id='createTurbine']/div/div[4]/div/div/div[2]/div[1]/div/input"
        },
        "editCompletedDatePic": {
            "locatorType": "xpath",
            "locatorValue": "//px-datetime-picker[@id='cmpleteDatePicker']//iron-icon[@id='icon']"
        },
         "editCompletedMonthSelect": {
            "locatorType": "xpath",
            "locatorValue": "(//*[@class='flex__item--middle today u-mb- style-scope px-datetime-picker'])[4][text()='Today']"
        },
        "editCompletedDateSelect": {
            "locatorType": "xpath",
            "locatorValue": "(//*[@class='flex__item--middle today u-mb- style-scope px-datetime-picker'])[4][text()='Today']"
        },
        "editResolutionField": {
            "locatorType": "id",
            "locatorValue": "resolution"
        },
        "editSaveBtn": {
            "locatorType": "xpath",
            "locatorValue": "//*[@id='createTurbine']/div/div[1]/div[1]/div[3]/div/button[2]"
        },
        "turbineTaskStatusLink2":{
            "locatorType": "cssArray",
            "value":{
              "locatorValue": "div.taskList.ng-scope",
              "index":1
            }
        },
        "createdTaskAssertion2": {
            "locatorType": "xpath",
            "locatorValue": "//*[@id='content']/table/tbody/tr[1]/td/section/div/div[2]/table/tbody/tr[1]/td[1]/div/div[3]/div[4]/div[2]/div[4]/div"
        },
        "completedTaskTurbine2": {
            "locatorType": "xpath",
            "locatorValue": "//*[@id='content']/table/tbody/tr[1]/td/section/div/div[2]/table/tbody/tr[1]/td[1]/div/div[3]/div[4]/div[2]/div[1]/span[1]"
        },
         "actualDuration": {
            "locatorType": "xpath",
            "locatorValue": "//*[@id='taskActualDurationHrs']"
        },

        "CompleteTaskResolutionNotes": {
            "locatorType": "xpath",
            "locatorValue": "//*[@id='resolution']"
        },

        "dashboardTab": {
            "locatorType": "xpath",
            "locatorValue": "//*[@id='js-navigation-plan.0.0']/a/div"
        },
        "taskTab": {
            "locatorType": "xpath",
            "locatorValue": "//*[@id='js-navigation-plan.0.1']/a/div"
        },
        "descriptionText": {
            "locatorType": "xpath",
            "locatorValue": "//*[@id='content']/section/div/div/div[2]/table/tbody/tr[1]/td[2]/div/div/div[2]/div[2]/plan-tab-content/div/section[1]/div[2]"
        },
        "dueDateErrorMessage": {
            "locatorType": "xpath",
            "locatorValue": "//*[@id='createTurbine']/div/div[3]/form/div[14]/div[2]/div[2]"
        },
        "crewThetaCrew1": {
            "locatorType": "xpath",
            "locatorValue": "(//*[@class='disShortName 0'])[1]"
        },
        "crewThetaCrew2": {
            "locatorType": "xpath",
            "locatorValue": "(//*[@class='disShortName 1'])[1]"
        },
        "crewThetaCrew3": {
            "locatorType": "xpath",
            "locatorValue": "(//*[@class='disShortName 0'])[2]"
        },
        "crewThetaCrew4": {
            "locatorType": "xpath",
            "locatorValue": "(//*[@class='disShortName 1'])[2]"
        },
        "workPlanThetaCrew1": {
            "locatorType": "xpath",
            "locatorValue": "(//div[@id='crewColumnId']/div[2]/span[1])[1]"
        },
        "workPlanThetaCrew2": {
            "locatorType": "xpath",
            "locatorValue": "(//div[@id='crewColumnId']/div[2]/span[2])[1]"
        },
        "workPlanThetaCrew3": {
            "locatorType": "xpath",
            "locatorValue": "(//div[@id='crewColumnId']/div[2]/span[1])[2]"
        },
        "workPlanThetaCrew4": {
            "locatorType": "xpath",
            "locatorValue": "(//div[@id='crewColumnId']/div[2]/span[2])[2]"
        },
        "crewSection3": {
            "locatorType": "xpath",
            "locatorValue": "(//*[@class='disShortName 0'])[2]"
        },
        "removeAllTech": {
            "locatorType": "xpath",
            "locatorValue": "//*[@title='Remove all techs from this crew']"
        },
        "removeAllTechConf": {
            "locatorType": "xpath",
            "locatorValue": "//*[@id='myModal']/section/button"
        },
        "deleteTaskBtn": {
            "locatorType": "css",
            "locatorValue": ".fa.fa-trash-o.ng-scope"
        },
        "deleteConformationYesBtn": {
            "locatorType": "xpath",
            "locatorValue": "(//*[@class='btn btn--primary float--right modalDeleteButton ng-binding'][text()='Delete'])[2]"
        },
        "deleteConformationText": {
            "locatorType": "xpath",
            "locatorValue": "(//*[@class='u-mt0 ng-binding'][text()='Are you sure you want to delete?'])[2]"
        },
        "deleteConformationOKBtn": {
            "locatorType": "xpath",
            "locatorValue": "(//*[@id='btnModalPositive'])[text()='Yes']"
        },

        "dueDateCalendar": {
            "locatorType": "xpath",
            "locatorValue": "(//*[@id='icon'])[4]"
        },
        "dueDateCalenderIcon": {
            "locatorType": "xpath",
            "locatorValue": "(//*[@id='calendar']/div[1]/button[1]/iron-icon)[4]"
        },
        "dueDateSelect": {
            "locatorType": "xpath",
            "locatorValue": "(//*[@id='calendar']/div[5]/div[2]/px-calendar-cell/div/button)[4]"
        },
        "statusOKbtn": {
            "locatorType": "xpath",
            "locatorValue": "(//*[@id='btnModalPositive'])[3]"
        },
        "errorConformationText": {
            "locatorType": "xpath",
            "locatorValue": "//*[@id='createTurbine']/div/div[3]/form/div[12]/div[2]/div[2]"
        },

        "turbineTab": {
            "locatorType": "xpath",
            "locatorValue": "//li[@id='js-navigation-plan.0.2']/a"
        },
        "deleteHashTag": {
		 "locatorType": "cssArray",
            "value":{
              "locatorValue": ".fa.fa-remove.ng-scope",
              "index":0
            }
        },
        "clickOnHashTag": {
            "locatorType": "css",
            "locatorValue": ".addHash.ng-scope"
        },
         "hashTagTextField": {
            "locatorType": "css",
            "locatorValue": ".search-text-dropdown"
        },
        "textClick": {
            "locatorType": "xpath",
            "locatorValue": "//*[@id='mainPage']/div[2]/table/tbody/tr/td[2]/div/div/div[2]/div/div/div[1]"
        },

        "turbineLandingSearch": {
            "locatorType": "xpath",
            "locatorValue": "//*[@id='mainPage']/div[2]/table/tbody/tr/td[1]/div/div[1]/div[1]/input"
        },

        "selectFirstTurbine": {
            "locatorType": "className",
            "locatorValue": "taskList float--left u-1/1 ng-scope selected"
        },
        "filterIcon": {
            "locatorType": "css",
            "locatorValue": ".fa.fa-filter.search-filter"
        },
        "onlineFilterChkbox": {
            "locatorType": "xpath",
            "locatorValue": "(//*[@id='basic-form-checkbox'])[1]"
        },
        "offlineFilterChkbox": {
            "locatorType": "xpath",
            "locatorValue": "(//*[@id='basic-form-checkbox'])[2]"
        },
        "clearAllFilterLink": {
            "locatorType": "xpath",
            "locatorValue": "//*[@id='myModal']/section/form/fieldset/a"
        },
        "filterTurbineApplyBtn": {
            "locatorType": "xpath",
            "locatorValue": "//*[@id='btnModalPositive']"
        },
        "removeAllTechYesBtn": {
            "locatorType": "xpath",
            "locatorValue": "(//*[@class='btn btn--primary deleteAllTechCrewBtn'])[1]"
        },
        "removeAllTechNoBtn": {
            "locatorType": "xpath",
            "locatorValue": "(//*[@id='btnModalNegative'][text()='No'])[1]"
        },
        "clickErrorBtn": {
            "locatorType": "xpath",
            "locatorValue": "(//*[@class='error ng-binding ng-scope'])[text()='Please select due date']"
        },

        "sortMenuTab": {
            "locatorType": "xpath",
            "locatorValue": "//*[@id='mainPage']/div[2]/table/tbody/tr/td[1]/div/div[1]/div[3]/div/span/i"
        },
        "turbineDisplayNameSort": {
            "locatorType": "xpath",
            "locatorValue": "//*[@id='mainPage']/div[2]/table/tbody/tr/td[1]/div/div[1]/div[3]/ul/li[1]"
        },
        "turbineNameSort": {
            "locatorType": "xpath",
            "locatorValue": "//*[@id='mainPage']/div[2]/table/tbody/tr/td[1]/div/div[1]/div[3]/ul/li[2]"
        },
        "turbineModelSort": {
            "locatorType": "xpath",
            "locatorValue": "//*[@id='mainPage']/div[2]/table/tbody/tr/td[1]/div/div[1]/div[3]/ul/li[3]"
        },
        "lastVisitSort": {
            "locatorType": "xpath",
            "locatorValue": "//*[@id='mainPage']/div[2]/table/tbody/tr/td[1]/div/div[1]/div[3]/ul/li[4]"
        },
        "nextTaskSort": {
            "locatorType": "xpath",
            "locatorValue": "//*[@id='mainPage']/div[2]/table/tbody/tr/td[1]/div/div[1]/div[3]/ul/li[5]"
        },

        "turbineNameInSearch": {
            "locatorType": "xpath",
            "locatorValue": "//*[@id='mainPage']/div[2]/table/tbody/tr/td[1]/div/div[2]/div[1]/div[2]/div[1]/span[1]"
        },
        "turbineModelInSearch": {
            "locatorType": "xpath",
            "locatorValue": "//*[@id='mainPage']/div[2]/table/tbody/tr/td[1]/div/div[2]/div[1]/div[2]/div[2]/span"
        },
        "turbineNameInPane": {
            "locatorType": "xpath",
            "locatorValue": "//*[@id='mainPage']/div[2]/table/tbody/tr/td[2]/div/div/div[1]/div[1]/div[1]/span"
        },

        "turbineModelInPane": {
            "locatorType": "xpath",
            "locatorValue": "//*[@id='mainPage']/div[2]/table/tbody/tr/td[2]/div/div/div[1]/div[1]/div[1]/strong"
        },
        "estimatedDurationFld": {
            "locatorType": "xpath",
            "locatorValue": "//*[@class='text-input--bare style-scope px-datetime-entry-cell'][@placeholder='HH']"
        },
        "lastVisitInSearch": {
            "locatorType": "xpath",
            "locatorValue": "//*[@id='mainPage']/div[2]/table/tbody/tr/td[1]/div/div[2]/div[1]/div[2]/div[3]/div[1]/span[2]"
        },
        "lastVisitInPane": {
            "locatorType": "xpath",
            "locatorValue": "//*[@id='mainPage']/div[2]/table/tbody/tr/td[2]/div/div/div[1]/div[2]/table/tbody/tr[2]/td[1]/span"
        },
        "nextTaskInSearch": {
            "locatorType": "xpath",
            "locatorValue": "//*[@id='mainPage']/div[2]/table/tbody/tr/td[1]/div/div[2]/div[1]/div[2]/div[3]/div[1]/span[4]"
        },
        "nextTaskInPane": {
            "locatorType": "xpath",
            "locatorValue": "//*[@id='mainPage']/div[2]/table/tbody/tr/td[2]/div/div/div[1]/div[2]/table/tbody/tr[2]/td[3]/span"
        },
        "turbineHomePage": {
            "locatorType": "xpath",
            "locatorValue": "//*[@id='mainPage']/div[2]/table/tbody/tr/td[1]/div/div[2]/div[1]"
        },

        "turbineFromDate": {
            "locatorType": "xpath",
            "locatorValue": "(//*[@id='icon'])[1]"
        },
        "turbineFromDateIcon": {
            "locatorType": "xpath",
            "locatorValue": "(//*[@id='calendar']/div[1]/button[1]/iron-icon)[1]"
        },
        "turbineFromDateSelect": {
            "locatorType": "xpath",
            "locatorValue": "(//*[@id='calendar']/div[6]/div[3]/px-calendar-cell/div/button)[1]"
        },
        "turbineHistorySearch": {
            "locatorType": "xpath",
            "locatorValue": "//*[@id='mainPage']/div[2]/table/tbody/tr/td[2]/div/div/div[2]/div/div/section[2]/div/div[1]/input"
        },
        "turbineToDate": {
            "locatorType": "xpath",
            "locatorValue": "(//*[@id='icon'])[2]"
        },

        "turbineToDateToday": {
            "locatorType": "xpath",
            "locatorValue": "(//*[@id='box']/div/div)[2]"
        },
    "planSaveBtn": {
            "locatorType": "css",
            "locatorValue": ".btn.float--right.ng-binding.ng-scope"
        },

        "reportsTab": {
            "locatorType": "xpath",
            "locatorValue": "//*[@id='js-navigation-plan.0.3']/a"
        },
        "reportsPerformanceBtn": {
            "locatorType": "xpath",
            "locatorValue": "//*[@id='reportSection_1']/div[1]/div/div[1]/span[2]/i"
        },
       "reportsSiteContractsBtn": {
            "locatorType": "xpath",
            "locatorValue": "//*[@id='reportSection_1']/div[4]/div/div[1]/span[2]/i"
        },

        "turbineInReducedTask": {
		 "locatorType": "cssArray",
            "value":{
              "locatorValue": ".fa.aHand.u-mr-.fa-eye",
              "index":1
            }
        },

        "reportsSaveBtn": {
            "locatorType": "xpath",
            "locatorValue": "//*[@class='float--right btn btn--tertiary u-mb+ u-mr+ u-ml0 ng-binding ng-scope'][text()='Save']"
        },
        "reportsPreviewBtn": {
            "locatorType": "xpath",
            "locatorValue": "//*[@class='float--right btn btn--tertiary u-mb+ u-mr+ ng-binding ng-scope'][text()='Preview']"
        },
        "reportsPrintToEmailBtn": {
            "locatorType": "xpath",
            "locatorValue": "//*[@class='float--right btn btn--tertiary u-mb+ u-mr+ ng-binding ng-scope'][text()='Print to email']"
        },
        "turbineInPlnnedMnt": {
            "locatorType": "xpath",
            "locatorValue": "//*[@id='parentDivPlanned']/div[2]/div/table/tbody//span[2]"
        },
        "taskInPlnnedMnt": {
            "locatorType": "xpath",
            "locatorValue": "//*[@id='parentDivPlanned']/div[2]/div/table/thead/tr/td[1]/strong"
        },
        "reportsInPlnnedMntTab": {
            "locatorType": "xpath",
            "locatorValue": "//*[text()='Planned Maintenance']"
        },
        "reportWeatherDetails": {
            "locatorType": "xpath",
            "locatorValue": "//*[@id='wrWidget']//div[2]/div/div[1]/div"
        },
       "reportWeatherDate": {
            "locatorType": "xpath",
            "locatorValue": "//*[@class='u-pt- ']"
        },
        "reportWeatherSky": {
            "locatorType": "xpath",
            "locatorValue": "//*[@class='u-pt++  u-mb--']"
        },
        "reportWeatherWind": {
            "locatorType": "xpath",
            "locatorValue": "//*[@class='u-pt0  u-mb--']"
        },
        "reportWeatherWindDirection": {
            "locatorType": "xpath",
            "locatorValue": "//*[@class='u-pt0 ']"
        },
        "reportEODTab": {
            "locatorType": "xpath",
            "locatorValue": "//*[@id='tabtitle'][text()='End of the Day']"
        },
        "reportTORSAddTower": {
            "locatorType": "xpath",
            "locatorValue": "//*[@id='parentDiv1']/div[1]/div[1]/label"
        },
        "reportAddTaskDropdown": {
            "locatorType": "xpath",
            "locatorValue": "//*[@id='parentDiv1']/div[1]/div[1]/div/div[2]/div[1]/div/span/button"
        },
        "reportAddTaskSearch": {
            "locatorType": "xpath",
            "locatorValue": "//*[@id='parentDiv1']//div[2]/input"
        },
        "reportAddTaskSelect": {
            "locatorType": "xpath",
            "locatorValue": "//*[@id='parentDiv1']/div[1]/div[1]/div//div[2]/div[3]/div/label/span"
        },
        "reportAddTaskBtn": {
            "locatorType": "xpath",
            "locatorValue": "//*[@id='parentDiv1']//button[2]"
        },
        "reportPMAddTower": {
            "locatorType": "xpath",
            "locatorValue": "//*[@id='parentDivPlanned']/div[1]/div[1]/label"
        },
        "reportPMAddTaskDropdown": {
            "locatorType": "xpath",
            "locatorValue": "//*[@id='parentDivPlanned']/div[1]/div[1]/div/div[2]/div[1]/div/span/button"
        },
        "reportPMAddTaskSearch": {
            "locatorType": "xpath",
            "locatorValue": "//*[@id='parentDivPlanned']//div[2]/input"
        },
        "reportPMAddTaskSelect": {
            "locatorType": "xpath",
            "locatorValue": "(//*[@id='parentDivPlanned']//div/label/span)[2]"
        },
        "reportPMAddTaskBtn": {
            "locatorType": "xpath",
            "locatorValue": "//*[@id='parentDivPlanned']//button[2]"
        },

        "reportEODArchivebtn": {
            "locatorType": "xpath",
            "locatorValue": "//*[@id='rptArchive']"
        },
        "reportEODArchivePDFReport": {
            "locatorType": "xpath",
            "locatorValue": "//*[@id='scrollBodyTableContainer']/div[3]/px-data-table-cell[2]/aha-html-echo/a"
        },

        "addExistingTaskRadioBtn": {
            "locatorType": "xpath",
            "locatorValue": "(//*[@class='u-1/1 float--left']/input)[1]"
        },

        "addNewORexistingTaskBtn": {
            "locatorType": "xpath",
            "locatorValue": "//*[@id='animated-demo']/div[3]/div/section/div/div[2]/div/div/div/div[2]/div/div/div[1]/div[2]/div/button"
        },
        "existingTaskSelectDrpdwn": {
            "locatorType": "xpath",
            "locatorValue": "//*[@id='addTaskDialog_0']/div/div[1]/div[1]/div/span/button"
        },
        "selectAsset": {
		 "locatorType": "cssArray",
            "value":{
              "locatorValue": ".multiSelectItem.ng-scope.vertical",
              "index":1
            }
        },
        "addTaskSearchBtn": {
            "locatorType": "xpath",
            "locatorValue": "//*[@id='addTaskDialog_0']/div/div[1]/div[1]/div/span/div/div[1]/div[2]/input"
        },
        "addTaskSelectBtn": {
            "locatorType": "xpath",
            "locatorValue": "//*[@id='addTaskDialog_0']/div//div/div/label/span"
        },
        "addButton": {
            "locatorType": "xpath",
            "locatorValue": "//div[@id='addTaskDialog_0']/div/div[2]/button[2]"
        },
        "saveConformationNoBtn": {
            "locatorType": "xpath",
            "locatorValue": "//*[@id='animated-demo']/div[3]/div/rsat-popup/div/div/button[3]"
        },
        "newlyAddedTask": {
            "locatorType": "xpath",
            "locatorValue": "(//*[@id='task-0']/span[2]/a)[1]"
        },
        "workplanSaveBtn": {
            "locatorType": "xpath",
            "locatorValue": "//*[@id='animated-demo']/div[3]/div/section/div/div[3]/button[1]"
        },
        "field": {
            "locatorType": "xpath",
            "locatorValue": "//div[@id='crew_section_widget']/div[18]/div"
        },
        "src": {
            "locatorType": "xpath",
            "locatorValue": "//div[@id='crew_section_widget']/div[17]"
        },
        "testPlanedTaskLnk": {
            "locatorType": "xpath",
            "locatorValue": "(//*[@id='task-0']/span[2]/a)[2]"
        },
        "editExecutionTab1": {
            "locatorType": "xpath",
            "locatorValue": "//*[@id='createTurbine']/div/div[1]/div[2]/div/div/span[3]"
        },
        "editTaskStatusCompletedChkbox1": {
            "locatorType": "xpath",
            "locatorValue": "//iron-collapse[@id='createTurbine']/div/div[4]/div/div/div[2]/div[1]/div/input"
        },
        "editCompletedDatePic1": {
            "locatorType": "xpath",
            "locatorValue": "//px-datetime-picker[@id='cmpleteDatePicker']//iron-icon[@id='icon']"
        },
         "editCompletedMonthSelect1": {
            "locatorType": "xpath",
            "locatorValue": "//div[label[text()='Completed']]//button[@id='btnNextMonth']/iron-icon"
        },
        "editCompletedDateSelect1": {
            "locatorType": "xpath",
            "locatorValue": "//div[label[text()='Completed']]//div[@class='flex__item--middle today u-mb- style-scope px-datetime-picker']"
        },
        "editResolutionField1": {
            "locatorType": "id",
            "locatorValue": "resolution"
        },
        "editSaveBtn1": {
            "locatorType": "xpath",
            "locatorValue": "//*[@id='createTurbine']/div/div[1]/div[1]/div[3]/div/button[2]"
        },
        "successOkBtn1": {
            "locatorType": "xpath",
            "locatorValue": "//div[@style='visibility: visible;']/section[@class='modal__content u-p+ style-scope px-modal']//div/button[text()='Ok']"
        },
        "testPlanNotCompleted": {
            "locatorType": "xpath",
            "locatorValue": "(//*[@id='task-0']/span[3]/a[3]/i)[1][contains(@class,'bgGrey')]"
        },
        "unknownNotCompleted": {
            "locatorType": "xpath",
            "locatorValue": "(//*[@id='task-0']/span[3]/a[3]/i)[2]"
        },
        "testPlanCompleted": {
            "locatorType": "xpath",
            "locatorValue": "(//*[@id='task-0']/span[3]/i)"
        },
        "actualDurationHour": {
            "locatorType": "xpath",
            "locatorValue": "(//*[@id='task-0']/div[1]/form/div[2]/select[1])[1]/option[5]"
        },

         "actualDurationMinute": {
            "locatorType": "xpath",
            "locatorValue": "(//*[@id='task-0']/div[1]/form/div[2]/select[2])[1]/option[2]"
        },
        "resolutionNotes1": {
            "locatorType": "xpath",
            "locatorValue": "(//*[@id='task-0']/div[1]/form/div[3]/textarea)[1]"
        },
        "doneBtn1": {
            "locatorType": "xpath",
            "locatorValue": "(//*[@id='task-0']/div[1]/form/div[4]/button[2])[1]"
        },
        "actualDurationHour2": {
            "locatorType": "xpath",
            "locatorValue": "(//*[@id='task-0']/div[1]/form/div[2]/select[1])[2]/option[3]"
        },
        "actualDurationMinute2": {
            "locatorType": "xpath",
            "locatorValue": "(//*[@id='task-0']/div[1]/form/div[2]/select[2])[2]/option[2]"
        },
        "resolutionNotes2": {
            "locatorType": "xpath",
            "locatorValue": "(//*[@id='task-0']/div[1]/form/div[3]/textarea)[2]"
        },
        "doneBtn2": {
            "locatorType": "xpath",
            "locatorValue": "(//*[@id='task-0']/div[1]/form/div[4]/button[2])[2]"
        },
        "MultipleCancelImage": {
            "locatorType": "css",
            "locatorValue": "#task-1 > span.state.float--right > a:nth-child(1)"
        },
        "MultipleRefreshImage": {
            "locatorType": "css",
            "locatorValue": "#task-1 > span.state.float--right > a:nth-child(2)"
        },
         "contractorNameClik": {
            "locatorType": "xpath",
            "locatorValue": "//div[@id='crew_section_widget']/div[3]/div/div/div[1]"
        },
         "contractorNameTooltip": {
            "locatorType": "xpath",
            "locatorValue": "/html/body/div[111]"
        },
        "contractorNameVerif": {
            "locatorType": "xpath",
            "locatorValue": "//*[@id='displayCrewNamePopup']/i"
        },
        "editTechDetailsLink": {
            "locatorType": "xpath",
            "locatorValue": "//*[@title='Edit tech details']"
        },
        "initialsFld": {
            "locatorType": "xpath",
            "locatorValue": "//*[@id='initials']"
        },
        "ssoFld": {
            "locatorType": "xpath",
            "locatorValue": "//*[@id='title']"
        },
        "lastNameFld": {
            "locatorType": "xpath",
            "locatorValue": "//*[@id='lastname']"
        },
        "FirstNameFld": {
            "locatorType": "xpath",
            "locatorValue": "//*[@id='firstname']"
        },
        "editTechSaveBtn": {
            "locatorType": "xpath",
            "locatorValue": "//*[@id='myModal']//button[text()='Save']"
        },
        "markAsNotWorking": {
            "locatorType": "xpath",
            "locatorValue": "//*[@class='crewActionPopup ng-scope']//li[contains(.,'Mark as not working')]"
        },
        "contractorName": {
            "locatorType": "xpath",
            "locatorValue": "(//span[@id='crewSpan']/i)[8]"
        },

        "markAsOnCall": {
            "locatorType": "xpath",
            "locatorValue": "//*[@class='crewActionPopup ng-scope']//li[contains(.,'Mark as on call')]"
        },
        "selectedTurbineTitleName": {
            "locatorType": "xpath",
            "locatorValue": "(//*[@id='task-0']/span[2]/a)[8]"
        },
        "saveButton": {
            "locatorType": "xpath",
            "locatorValue": "//*[@id='animated-demo']/div[3]/div/section/div/div[3]/button[1]"
        },
        "turbineStatusText": {
            "locatorType": "xpath",
            "locatorValue": "//*[@id='turbine_widget']/div[1]/div[1]/span[1]"
        },
        "faultedName": {
            "locatorType": "css",
            "locatorValue": "#turbine_widget > div:nth-child(2) > div:nth-child(1) > p > span"
        },
        "stoppedName": {
            "locatorType": "css",
            "locatorValue": "#turbine_widget > div:nth-child(2) > div:nth-child(3) > p > span.assetName.style-scope.plan-turbine-status-widget"
        },
        "impactedName": {
            "locatorType": "css",
            "locatorValue": "#turbine_widget > div:nth-child(2) > div:nth-child(5) > p > span.assetName.style-scope.plan-turbine-status-widget"
        },
        "netcomName": {
            "locatorType": "css",
            "locatorValue": "#turbine_widget > div:nth-child(2) > div:nth-child(7) > p > span"
        },
        "diagnosticsName": {
            "locatorType": "css",
            "locatorValue": "#turbine_widget > div:nth-child(2) > div:nth-child(9) > p > span.assetName.style-scope.plan-turbine-status-widget"
        },
        "faultedTurbines": {
            "locatorType": "cssAll",
            "locatorValue": ".badge.badge-2.style-scope.plan-turbine-status-widget"
        },
        "stoppedTurbines": {
            "locatorType": "cssAll",
            "locatorValue": ".badge.badge-3.style-scope.plan-turbine-status-widget"
        },
        "impactedTurbines": {
            "locatorType": "cssAll",
            "locatorValue": ".badge.badge-4.style-scope.plan-turbine-status-widget"
        },
        "netcomTurbines": {
            "locatorType": "cssAll",
            "locatorValue": ".badge.badge-5.style-scope.plan-turbine-status-widget"
        },
        "diagnosticsTurbines": {
            "locatorType": "cssAll",
            "locatorValue": ".badge.badge-6.style-scope.plan-turbine-status-widget"
        },
        "adminTabInfo": {
            "locatorType": "xpath",
            "locatorValue": "//*[@id='js-navigation-user.0']/a/div"
        },

        "adminAddButton": {
            "locatorType": "css",
            "locatorValue": ".btn.btn--primary.create-btn.ng-binding"
        },
        "personalInfoSSOField": {
            "locatorType": "xpath",
            "locatorValue": "//input[@id='title']"
        },

        "personalInfoRoleDropdown": {
            "locatorType": "xpath",
            "locatorValue": "//*[@id='content']/table/tbody/tr[1]/td/section/div/form/div[3]/table/tbody/tr/td/div[1]/div/div/div[5]/select/option[2]"
        },
        "personalInfoFirstField": {
            "locatorType": "xpath",
            "locatorValue": "//input[@id='firstname']"
        },
        "personalInfoLastField": {
            "locatorType": "xpath",
            "locatorValue": "//input[@id='lastname']"
        },
        "personalInfoInitialsField": {
            "locatorType": "xpath",
            "locatorValue": "//input[@id='initials']"
        },
        "personalInfoEmailField": {
            "locatorType": "xpath",
            "locatorValue": "//input[@id='email']"
        },
        "personalInfoCountryCodeSelection": {
            "locatorType": "xpath",
            "locatorValue": "//div[@id='content']/table/tbody/tr[1]/td/section/div/form/div[3]/table/tbody/tr/td/div[1]/div/div/div[9]/div[2]/div/div/ul/li[101]/span[1]"
        },
        "personalInfoCountryCode": {
            "locatorType": "xpath",
            "locatorValue": "//*[@id='content']/table/tbody/tr[1]/td/section/div/form/div[3]/table/tbody/tr/td/div[1]/div/div/div[9]/div[2]/div/div"
        },
         "personalInfoPhoneNumber": {
            "locatorType": "xpath",
            "locatorValue": "//input[@id='phone']"
        },
        "personalInfoNextButton": {
            "locatorType": "xpath",
            "locatorValue": "//div[@id='content']/table/tbody/tr[1]/td/section/div/form/div[2]/div/div[2]/button"
        },
        "assginSiteCheckbox": {
            "locatorType": "xpath",
            "locatorValue": "//div[@id='content']/table/tbody/tr[1]/td/section/div/form/div[3]/table/tbody/tr/td/div[2]/div/div/div[3]/table/tbody/tr/td[1]/input"
        },
        "assignSiteNextButton": {
            "locatorType": "xpath",
            "locatorValue": "//div[@id='content']/table/tbody/tr[1]/td/section/div/form/div[2]/div/div[2]/button[2]"
        },
        "updatedSuccessMsg": {
            "locatorType": "xpath",
            "locatorValue": "(//div[@id='myModal']/section/p/b)[1]"
        },
        "updatedSuccessBtn": {
            "locatorType": "xpath",
            "locatorValue": "(//button[@id='btnModalPositive'])[1]"
        },
        "personalInfoSSOValidation": {
            "locatorType": "xpath",
            "locatorValue": "//div[@id='content']/table/tbody/tr[1]/td/section/div/div[2]/table/tbody/tr[1]/td[2]/div/div[1]/div/table/tbody/tr[3]/td[2]/div[2]"
        },

        "planModuleTab": {
            "locatorType": "xpath",
            "locatorValue": "//*[@id='js-navigation-plan.0.0']/a"
        },
        "pastPlanDateChaneIcon": {
            "locatorType": "xpath",
            "locatorValue": "//*[@id='animated-demo']/div[3]/div/section/div/div[1]/div[1]/div/div[1]"
        },
        "workPlanDate": {
            "locatorType": "xpath",
            "locatorValue": "//*[@id='animated-demo']/div[3]/div/section/div/div[1]/div[1]/div/div[2]/span[1]"
        },

        "selectDateFromCalendar": {
            "locatorType": "xpath",
            "locatorValue": "//*[@id='calendar']/div[3]/div[7]/px-calendar-cell/div/button"
        },

        "selectCurrentDateFromCalendar": {
            "locatorType": "xpath",
            "locatorValue": "//*[@id='box']/div/div"
        },

        "taskSuccessOkBtn": {
            "locatorType": "xpath",
            "locatorValue": "//div[@style='visibility: visible;']/section[@class='modal__content u-p+ style-scope px-modal']//div/button[text()='Ok']"
        },
        "siteTaskSelect": {
            "locatorType": "xpath",
            "locatorValue": "//*[@id='createTurbine']/div/div[1]/div[1]/div[2]/select/option[2]"
        },
        "siteCategoryDropdown": {
            "locatorType": "xpath",
            "locatorValue": "//*[@id='createTurbine']/div/div[3]/form/div[4]/div[2]/select/option[3]"
        },
        "recipientBtn": {
            "locatorType": "xpath",
            "locatorValue": "//*[@id='rptRecipient']"
        },
        "recipientMailidTxtFld": {
            "locatorType": "xpath",
            "locatorValue": "//*[@id='displayRecipient']/div/div[2]/div/div[2]/div[1]/div/input"
        },
        "recipientMailidEnter": {
            "locatorType": "xpath",
            "locatorValue": "//*[@id='displayRecipient']/div/div[1]/span"
        },
        "recipientBackBtn": {
            "locatorType": "xpath",
            "locatorValue": "//*[@id='rptRecipient']"
        },

        "clickOnSaveButton": {
            "locatorType": "xpath",
            "locatorValue": "//*[@id='createTurbine']/div/div[1]/div[1]/div[3]/div/button[3]/span"
        },

        "clickOKButton": {
            "locatorType": "id",
            "locatorValue": "btnModalPositive"
        },


        "recipientDeleteBtn": {
            "locatorType": "xpath",
            "locatorValue": "//*[@id='displayRecipient']/div/div[2]/div/div[2]/div[2]/div/span[2]/i"
        },
        "reportNotes": {
            "locatorType": "xpath",
            "locatorValue": "//*[@id='editor']/div[1]"
        },
        "workplanSideArrow": {
            "locatorType": "xpath",
            "locatorValue": "//*[@id='rightArrow']/i"
        },
        "workplanAddTurbineIcon": {
            "locatorType": "xpath",
            "locatorValue": "//*[@id='animated-demo']/div[3]/div/section/div//div/div[4]/div[2]/div/button"
        },
        "addExistingTaskRadioBtn4": {
            "locatorType": "xpath",
            "locatorValue": "(//*[@class='u-1/1 float--left']/input)[4]"
        },
        "addExistingTaskDropdwn": {
            "locatorType": "xpath",
            "locatorValue": "//*[@id='addTaskDialog_3']/div/div[1]/div[1]/div/span/button"
        },
        "addExistingTaskSelection": {
            "locatorType": "xpath",
            "locatorValue": "//*[@id='addTaskDialog_3']/div/div[1]/div[1]/div/span/div/div[2]/div[4]/div/label/span"
        },
        "addExistingTaskAddbtn3": {
            "locatorType": "xpath",
            "locatorValue": "//*[@id='addTaskDialog_3']/div/div[2]/button[2]"
        },
        "turbineRemoveWorkplan":{
            "locatorType": "cssArray",
            "value":{
              "locatorValue": ".btn-remove.float--right.bgGrey.u-mt--.u-mr0.u-pr-",
              "index":1
           }
        },
        "addNewORexistingTaskBtn1": {
            "locatorType": "xpath",
            "locatorValue": "//*[@id='animated-demo']/div[3]/div/section//div[2]/div[2]/div/button"
        },
        "addExistingTaskRadioBtn1": {
            "locatorType": "xpath",
            "locatorValue": "(//*[@id='existing'])[2]"
        },
        "existingTaskDropdwn": {
            "locatorType": "xpath",
            "locatorValue": "//*[@id='addTaskDialog_1']/div/div[1]/div[1]/div/span/button"
        },

        "existingTurbineSelection": {
            "locatorType": "xpath",
            "locatorValue": "//*[@id='addTaskDialog_1']/div/div[1]/div[1]/div/span/div/div[2]/div[3]/div/label/span"
        },
        "taskAddButton": {
            "locatorType": "xpath",
            "locatorValue": "//*[@id='addTaskDialog_1']/div/div[2]/button[2]"
        },
        "existingTurbineSelect": {
            "locatorType": "xpath",
            "locatorValue": "//*[@id='addTaskDialog_0']/div/div[1]/div[1]/div/span/div/div[2]/div[3]/div/label/span"
        },
        "PlanWeatherWidget": {
            "locatorType": "xpath",
            "locatorValue": "//*[@class='epsilon bold u-mr0 handle_drag style-scope plan-weather-widget']"
        },
        "PlanWeather": {
            "locatorType": "xpath",
            "locatorValue": "//*[@id='weather_widget']/div[1]/span[2]/h2/span[1]"
        },
        "PlanWeatherTemp": {
            "locatorType": "xpath",
            "locatorValue": "//*[@id='weather_widget']/div[1]/span[2]/h2/sup/a[1]"
        },
        "WeatherWidgetWindSpeed": {
            "locatorType": "xpath",
            "locatorValue": "//*[@id='weather_widget']/div[2]/span[2]/h2/b"
        },
        "performanceWidgetPOD": {
            "locatorType": "xpath",
            "locatorValue": "//*[@id='pWidget']//span[1]"
        },
        "turbineStatusWidgetPOD": {
            "locatorType": "xpath",
            "locatorValue": "//*[@id='tsWidget']//span[1]"
        },
        "siteContactsWidgetPOD": {
            "locatorType": "xpath",
            "locatorValue": "//*[@id='scWidget']//span[1]"
        },
        "attachmentsWidgetPOD": {
            "locatorType": "xpath",
            "locatorValue": "//*[@id='atWidget']//span[1]"
        },
        "groupDropdwn": {
            "locatorType": "xpath",
            "locatorValue": "//*[@id='createTurbine']/div/div[3]/form/div[6]/div[1]/select/option[2]"
        },
        "siteGroupDropdwn": {
            "locatorType": "xpath",
            "locatorValue": "//*[@id='selectContext']/div[2]/h1/iron-icon"
        },
        "siteGroupSelect": {
            "locatorType": "xpath",
            "locatorValue": "//*[@class='flex__item item-label style-scope px-context-browser'][contains(text(),'SOUTH HURLBURT')]"
        },

        "siteCrewsHeading": {
            "locatorType": "xpath",
            "locatorValue": "//*[@id='reportFull']/div[4]/div[4]/div/div/div[1]/span[1]"
        },
         "siteCrew1":{
            "locatorType": "cssArray",
            "value":{
              "locatorValue": ".cell--value.style-scope.px-data-table-cell",
              "index":0
           }
        },
        "siteCrew2":{
            "locatorType": "cssArray",
            "value":{
              "locatorValue": ".cell--value.style-scope.px-data-table-cell",
              "index":1
           }
        },
        "siteCrewR1":{
            "locatorType": "cssArray",
            "value":{
              "locatorValue": ".cell--value.style-scope.px-data-table-cell",
              "index":2
           }
        },
        "siteCrewR2":{
            "locatorType": "cssArray",
            "value":{
              "locatorValue": ".cell--value.style-scope.px-data-table-cell",
              "index":7
           }
        },
        "siteCrew3":{
            "locatorType": "cssArray",
            "value":{
              "locatorValue": ".cell--value.style-scope.px-data-table-cell",
              "index":8
           }
        },
        "siteCrew4":{
            "locatorType": "cssArray",
            "value":{
              "locatorValue": ".cell--value.style-scope.px-data-table-cell",
              "index":9
           }
        },
        "siteCrew5":{
            "locatorType": "cssArray",
            "value":{
              "locatorValue": ".cell--value.style-scope.px-data-table-cell",
              "index":14
           }
        },
        "siteCrew6":{
            "locatorType": "cssArray",
            "value":{
              "locatorValue": ".cell--value.style-scope.px-data-table-cell",
              "index":15
           }
        },
        "siteCrewR3":{
            "locatorType": "cssArray",
            "value":{
              "locatorValue": ".cell--value.style-scope.px-data-table-cell",
              "index":16
           }
        },
        "performanceWidget": {
            "locatorType": "xpath",
            "locatorValue": "//*[@id='sortable-container']//div[text()='Performance']"
        },
        "mTDPWProduction": {
            "locatorType": "xpath",
            "locatorValue": "//*[@id='sortable-container']//li[@class='production ng-binding']"
        },
        "mTDPWProductionValue": {
            "locatorType": "xpath",
            "locatorValue": "//*[@id='sortable-container']//li[@class='production ng-binding']/span"
        },
        "mTDPWAvailability": {
            "locatorType": "xpath",
            "locatorValue": "//*[@id='sortable-container']//li[@class='availability ng-binding']"
        },
        "mTDPWAvailabilityValue": {
            "locatorType": "xpath",
            "locatorValue": "//*[@id='sortable-container']//li[@class='availability ng-binding']/span"
        },
        "performanceYTDButton": {
            "locatorType": "xpath",
            "locatorValue": "//*[@id='sortable-container']//a[@title='YTD']"
        },
        "taskFilter": {
            "locatorType": "css",
            "locatorValue": ".fa.fa-filter.search-filter"
        },
        "turbineFilterCheckbox": {
            "locatorType": "xpath",
            "locatorValue": "(//*[@id='basic-form-checkbox'])[1]"
        },
        "siteFilterCheckbox": {
            "locatorType": "xpath",
            "locatorValue": "(//*[@id='basic-form-checkbox'])[2]"
        },
        "filterApplyBtn": {
            "locatorType": "xpath",
            "locatorValue": "//*[@id='btnModalPositive'][text()='Apply']"
        },
        "turbinePendingCheckbox": {
            "locatorType": "xpath",
            "locatorValue": "(//*[@id='basic-form-checkbox'])[3]"
        },
        "turbineFilter": {
            "locatorType": "css",
            "locatorValue": ".fa.fa-filter.search-filter"
        },
        "turbineOnlineCheckbox": {
            "locatorType": "xpath",
            "locatorValue": "(//*[@id='basic-form-checkbox'])[1]"
        },
        "turbineOnlineStatus": {
            "locatorType": "xpath",
            "locatorValue": "//*[@id='mainPage']/div[2]/table/tbody/tr/td[1]/div/div[2]/div[1]/div[2]/div[1]/span[2]/span"
        },
        "turbineStatusTriangular": {
            "locatorType": "css",
            "locatorValue": ".errorCount.style-scope.plan-turbine-status-widget"
        },
       "firstPulsePoint": {
		 "locatorType": "cssArray",
            "value":{
              "locatorValue": ".float--left.addTaskPlan.fa.fa-plus.turbActPlusIcons.style-scope.plan-turbine-status-widget",
              "index":0
            }
        },
         "crewAssignForPulsePoint": {
		 "locatorType": "cssArray",
            "value":{
              "locatorValue": ".float--left.minHeight80.style-scope.plan-turbine-status-widget",
              "index":0
            }
        },
        "taskTypeAPMChkbox": {
            "locatorType": "xpath",
            "locatorValue": "//section[legend[text()='Turbine Task Type']]//li/input"
        },
        "taskTypeETCChkbox": {
            "locatorType": "xpath",
            "locatorValue": "//section[legend[text()='Turbine Task Type']]//li[2]/input"
        },
        "taskTypeFaultedChkbox": {
            "locatorType": "xpath",
            "locatorValue": "//section[legend[text()='Turbine Task Type']]//li[3]/input"
        },
        "taskTypeImpactedChkbox": {
            "locatorType": "xpath",
            "locatorValue": "//section[legend[text()='Turbine Task Type']]//li[4]/input"
        },
        "taskTypeMaintenanceChkbox": {
            "locatorType": "xpath",
            "locatorValue": "//section[legend[text()='Turbine Task Type']]//li[5]/input"
        },
        "taskTypeMCEChkbox": {
            "locatorType": "xpath",
            "locatorValue": "//section[legend[text()='Turbine Task Type']]//li[6]/input"
        },
        "taskTypeNetcomChkbox": {
            "locatorType": "xpath",
            "locatorValue": "//section[legend[text()='Turbine Task Type']]//li[7]/input"
        },
        "taskTypePunchlistChkbox": {
            "locatorType": "xpath",
            "locatorValue": "//section[legend[text()='Turbine Task Type']]//li[8]/input"
        },
        "taskTypeRetrofitsChkbox": {
            "locatorType": "xpath",
            "locatorValue": "//section[legend[text()='Turbine Task Type']]//li[9]/input"
        },
        "taskTypeStoppedChkbox": {
            "locatorType": "xpath",
            "locatorValue": "//section[legend[text()='Turbine Task Type']]//li[10]/input"
        },
        "taskTypeTILChkbox": {
            "locatorType": "xpath",
            "locatorValue": "//section[legend[text()='Turbine Task Type']]//li[11]/input"
        },
        "taskTypeUMChkbox": {
            "locatorType": "xpath",
            "locatorValue": "//section[legend[text()='Turbine Task Type']]//li[12]/input"
        },
        "taskTypeWatchlistChkbox": {
            "locatorType": "xpath",
            "locatorValue": "//section[legend[text()='Turbine Task Type']]//li[13]/input"
        },
        "taskTypeOthersTurbineChkbox": {
            "locatorType": "xpath",
            "locatorValue": "//section[legend[text()='Turbine Task Type']]//li[14]/input"
        },
        "taskTypeSiteBOPChkbox": {
            "locatorType": "xpath",
            "locatorValue": "//section[legend[text()='Site Task Type']]//li[1]/input"
        },
        "taskTypeSiteEHSChkbox": {
            "locatorType": "xpath",
            "locatorValue": "//section[legend[text()='Site Task Type']]//li[2]/input"
        },
        "taskTypeSiteOthersChkbox": {
            "locatorType": "xpath",
            "locatorValue": "//section[legend[text()='Site Task Type']]//li[3]/input"
        },
        "taskFilterResetBtn": {
            "locatorType": "xpath",
            "locatorValue": "//*[@class='ng-binding'][text()='Reset']"
        },
        "taskFilterPlusePoint": {
            "locatorType": "xpath",
            "locatorValue": "(//*[@id='top']/div[2]/table/tbody/tr/td[1]/div//div[2]/div[3])[1]"
        },
        "siteTasktypeFilter": {
            "locatorType": "xpath",
            "locatorValue": "(//*[@id='top']/div[2]/table/tbody/tr/td[1]/div//div[2]/div[4])[1]"
        },

        "taskCompleteIcon": {
            "locatorType": "css",
            "locatorValue": "#task-1 > span.state.float--right > a:nth-child(3)"
        },
        "workPlanTaskCompleted": {
            "locatorType": "css",
            "locatorValue": ".fa.fa-check.aHand.btn-action.bgGreen"
        },
        "taskActualDuration": {
            "locatorType": "xpath",
            "locatorValue": "//*[@ng-model='task.taskActualDurationHrs']/option[11]"
        },
        "taskActualDurationNotes": {
            "locatorType": "xpath",
            "locatorValue": "//*[@class='done-notes']"
        },
        "taskActualDurationDoneBtn": {
            "locatorType": "xpath",
            "locatorValue": "//*[@class='btn btn--primary ng-binding'][text()='Done']"
        },
        "turbineSortDisplayIcon": {
            "locatorType": "xpath",
            "locatorValue": "//*[@id='turbineListDropDown']"
        },
        "turbineSortLatVisit": {
            "locatorType": "xpath",
            "locatorValue": "//*[@id='mainPage']/div[2]/table/tbody/tr/td[1]/div/div[1]/div[3]/ul/li[4]"
        },
        "turbineFirstselection": {
            "locatorType": "xpath",
            "locatorValue": "//*[@id='mainPage']/div[2]/table/tbody/tr/td[1]/div/div[2]/div[1]"
        },
        "turbineUpdatedDate": {
            "locatorType": "xpath",
            "locatorValue": "//*[@id='mainPage']/div[2]/table/tbody/tr/td[2]/div/div/div[2]/div/div/section[2]/div/div[2]/table/tbody/tr/td[1]"
        },
        "turbineTaskTitle": {
            "locatorType": "xpath",
            "locatorValue": "//*[@id='mainPage']/div[2]/table/tbody/tr/td[2]/div/div/div[2]/div/div/section[2]/div/div[2]/table/tbody/tr/td[4]"
        },
        "turbineResolutionNotes": {
            "locatorType": "xpath",
            "locatorValue": "//*[@id='mainPage']/div[2]/table/tbody/tr/td[2]/div/div/div[2]/div/div/section[2]/div/div[2]/table/tbody/tr/td[5]"
        },
        "turbineFirstselectionInPlan": {
            "locatorType": "xpath",
            "locatorValue": "(//*[@id='task-1']/span[2]/a)[1]"
        },
        "executionTabSelect": {
            "locatorType": "xpath",
            "locatorValue": "//*[@id='createTurbine']/div/div[1]/div[2]/div/div/span[3]"
        },
        "executionTabSelectCheckBox": {
            "locatorType": "xpath",
            "locatorValue": "//*[@id='createTurbine']/div/div[4]/div/div/div[2]/div[1]/div/input"
        },
        "executionTabSaveBtn": {
            "locatorType": "xpath",
            "locatorValue": "//*[@id='createTurbine']/div/div[1]/div[1]/div[3]/div/button[3]/span"
        },
        "executionTabSaveConfBtn": {
            "locatorType": "xpath",
            "locatorValue": "(//*[@id='btnModalPositive'])[1]"
        },
        "noDataforCurrentDate": {
            "locatorType": "xpath",
            "locatorValue": "//*[@id='message']/span[2]"
        },
        "turbineTaskTypeFilterHeader": {
            "locatorType": "xpath",
            "locatorValue": "//*[@class='ng-binding'][text()='Turbine Task Type']"
        },
        "siteTaskTypeFilterHeader": {
            "locatorType": "xpath",
            "locatorValue": "//*[@class='ng-binding'][text()='Site Task Type']"
        },
        "EditReportSavePromptYesBtn": {
            "locatorType": "xpath",
            "locatorValue": "//*[@class='btn btn--primary float--right u-mr- ng-binding'][text()='Yes']"
        },
        "techReportTab": {
            "locatorType": "xpath",
            "locatorValue": "//*[@id='tabtitle'][text()='Technician']"
        },
        "manageContactBtn": {
            "locatorType": "xpath",
            "locatorValue": "//*[@class='btn btn--tertiary ng-binding'][text()='Manage Contacts']"
        },
        "manageContactPersonNameFld": {
            "locatorType": "xpath",
            "locatorValue": "//input[@id='scInput_value']"
        },
        "manageContactEmailidFld": {
            "locatorType": "xpath",
            "locatorValue": "//input[@id='personEmail']"
        },
        "addContactBtn": {
            "locatorType": "xpath",
            "locatorValue": "//*[@class='btn btn--primary float--right ng-binding'][text()='Add Contact']"
        },
        "siteContactNameText": {
            "locatorType": "xpath",
            "locatorValue": "//*[@class='ng-binding'][contains(text(),'Radha Manchikalapati')]"
        },
        "siteContactRole": {
            "locatorType": "xpath",
            "locatorValue": "(//*[@class='ng-binding'][contains(text(),'Site Manager')])[2]"
        },
        "siteContactEmailText": {
            "locatorType": "xpath",
            "locatorValue": "//*[@class='ng-binding'][contains(text(),'radha.manchikalapati@ge.com')]"
        },
        "siteContactDisableIcon": {
            "locatorType": "xpath",
            "locatorValue": "//*[@id='manageSiteContacts']/div/div[2]/div[2]/div/table/tbody/tr/td[6]/i[2]"
        },
        "siteContactDeleteIcon": {
            "locatorType": "xpath",
            "locatorValue": "//*[@class='u-mr- aHand fa fa-trash-o']"
        },
        "siteContactBackBtn": {
            "locatorType": "xpath",
            "locatorValue": "//*[@class='float--right btn btn--tertiary u-mb+ u-mr+ ng-binding'][text()='Back']"
        },
        "siteContactWidgetNameTxt": {
            "locatorType": "xpath",
            "locatorValue": "//*[@id='scWidget']//div[2]/div[1]/div[2]/span[1]"
        },
        "reportsPODTab": {
            "locatorType": "xpath",
            "locatorValue": "//*[@id='tabtitle'][text()='Plan of the Day']"
        },
        "siteCrew7":{
            "locatorType": "cssArray",
            "value":{
              "locatorValue": ".cell--value.style-scope.px-data-table-cell",
              "index":23
           }
        },
        "siteCrew8":{
            "locatorType": "cssArray",
            "value":{
              "locatorValue": ".cell--value.style-scope.px-data-table-cell",
              "index":24
           }
        },
        "siteCrew9":{
            "locatorType": "cssArray",
            "value":{
              "locatorValue": ".cell--value.style-scope.px-data-table-cell",
              "index":25
           }
        },
        "createNewContractor": {
            "locatorType": "xpath",
            "locatorValue": "//*[@id='newcrewPopOver']"
        },
        "waitFortaskCompleteIcon": {
            "locatorType": "xpath",
            "locatorValue": "(//*[@ng-repeat='task in turbine.tasks track by $index']/span[2]/a)[2]"
        },
        "newContractor": {
            "locatorType": "xpath",
            "locatorValue": "(//*[@id='crewSpan']/center)[1]"
        },
        "editTechDetails": {
            "locatorType": "xpath",
            "locatorValue": "//*[@title='Edit tech details'][text()='Edit tech details']"
        },
        "deleteTech": {
            "locatorType": "xpath",
            "locatorValue": "//*[@title='Delete'][text()='Delete']"
        },
        "editFirstName": {
            "locatorType": "xpath",
            "locatorValue": "//*[@id='firstname']"
        },
        "editLastName": {
            "locatorType": "xpath",
            "locatorValue": "//*[@id='lastname']"
        },
        "contractorOnTurbinepage": {
            "locatorType": "xpath",
            "locatorValue": "(//*[@id='workUsersTooltip'])[1]"
        },
        "contractorOnTurbinepage1": {
            "locatorType": "xpath",
            "locatorValue": "(//*[@id='workUsersTooltip'])[2]"
        },
        "turbineLastVisit": {
            "locatorType": "xpath",
            "locatorValue": "//*[@id='mainPage']/div[2]/table/tbody/tr/td[2]/div/div/div[1]/div[2]/table/tbody/tr[2]/td[1]/span"
        },
        "crewNameInCrewsection": {
            "locatorType": "xpath",
            "locatorValue": "//*[@id='crew_section_widget']/div[1]/div/span"
        },
        "crewNameInWPsection": {
            "locatorType": "xpath",
            "locatorValue": "(//*[@id='crewColumnId']/div[1]/span)[1]"
        },
        "crewNameInCrewsection1": {
            "locatorType": "xpath",
            "locatorValue": "//*[@id='crew_section_widget']/div[2]/div/span"
        },
        "crewNameInWPsection1": {
            "locatorType": "xpath",
            "locatorValue": "(//*[@id='crewColumnId']/div[1]/span)[2]"
        },
        "crewNameTooltipInWP": {
            "locatorType": "xpath",
            "locatorValue": "(//*[@id='crewColumnId']/div[2]/span[1])[1]"
        },
        "crewNameTooltipInWP1": {
            "locatorType": "xpath",
            "locatorValue": "(//*[@id='crewColumnId']/div[2]/span[2])[1]"
        },
        "crewNameTooltipInCrew": {
            "locatorType": "xpath",
            "locatorValue": "(//*[@id='crew_section_widget']/div[1]/div/div/div[1]/px-tooltip)[1]"
        },
        "editCrewNameTooltip": {
            "locatorType": "xpath",
            "locatorValue": "//*[@id='crew_section_widget']/div[1]/div/span"
        },
        "crewNameTooltipInCrew1": {
            "locatorType": "xpath",
            "locatorValue": "(//*[@id='crew_section_widget']/div[1]/div/div/div[2]/px-tooltip)[1]"
        },
        "siteLevelTaskInTech": {
            "locatorType": "xpath",
            "locatorValue": "//*[@class='badgeAutoWidth badge badge-1'][text()='SITE']"
        },
        "siteLevelTaskVerifyInTech": {
            "locatorType": "xpath",
            "locatorValue": "(//*[@class='ng-binding ng-scope'][text()='Site_Task_Creation'])[1]"
        },
        "searchExistingTask": {
            "locatorType": "xpath",
            "locatorValue": "//*[@id='addTaskDialog_0']/div/div[1]/div[1]/div/span/div/div[1]/div[2]/input"
        },
        "actionsBtnTaskpage": {
            "locatorType": "xpath",
            "locatorValue": "//*[@class='btn btn-default export-delete-btn action ng-binding'][text()='Actions']"
        },
        "importBtnTaskpage": {
            "locatorType": "xpath",
            "locatorValue": "//*[@class='ng-binding'][text()='Import']"
        },
         "uploadExcelBtn": {
            "locatorType": "xpath",
            "locatorValue": "//*[@id='myModal']/section/button"
        },
        "csvTaskTitle": {
            "locatorType": "xpath",
            "locatorValue": "//*[@id='top']/div[2]/table/tbody/tr[1]/td[1]/div/div[3]/div[2]/div[2]/div[2]/span"
        },
        "pendingChkBoxTaskFilter": {
            "locatorType": "xpath",
            "locatorValue": "(//*[@id='basic-form-checkbox'])[3]"
        },
        "plannedChkBoxTaskFilter": {
            "locatorType": "xpath",
            "locatorValue": "(//*[@id='basic-form-checkbox'])[4]"
        },
        "completedChkBoxTaskFilter": {
            "locatorType": "xpath",
            "locatorValue": "(//*[@id='basic-form-checkbox'])[5]"
        },
        "attachmentDownloadOptn": {
            "locatorType": "xpath",
            "locatorValue": "//iron-icon[@title='Download']"
        },
        "fileUploadBtn": {
            "locatorType": "css",
            "locatorValue": "input[type='file']"
        },
        "fileDeleteBtn": {
            "locatorType": "xpath",
            "locatorValue": "//*[@icon='fa:fa-trash-o']"
        },
        "fileDownloadArchive": {
            "locatorType": "xpath",
            "locatorValue": "//*[@id='scrollBodyTableContainer']/div[3]/px-data-table-cell[3]/aha-html-echo/a"
        },
        "rptArchiveBack": {
            "locatorType": "xpath",
            "locatorValue": "//*[@id='rptArchiveBack']"
        },
        "siteNameInWWReports": {
            "locatorType": "css",
            "locatorValue": ".siteKey-title"
        },
        "selectOptionInTaskpage": {
            "locatorType": "xpath",
            "locatorValue": "//*[@class='cursor ng-binding ng-scope'][text()='Select']"
        },
        "selectCancelInTaskpage": {
            "locatorType": "xpath",
            "locatorValue": "//*[@class='cursor pull-right ng-binding ng-scope'][text()='Cancel']"
        },
        "selectFirstTurbineTaskpage": {
            "locatorType": "xpath",
            "locatorValue": "(//*[@ng-model='task.toBeDeleted'])[1]"
        },
        "selectSecondTurbineTaskpage": {
            "locatorType": "xpath",
            "locatorValue": "(//*[@ng-model='task.toBeDeleted'])[2]"
        },
        "exportAllBtnTaskpage": {
            "locatorType": "xpath",
            "locatorValue": "//*[@class='ng-binding'][text()='Export All']"
        },
        "exportBtnTaskpage": {
            "locatorType": "xpath",
            "locatorValue": "//*[@class='ng-binding'][text()='Export']"
        },
        "podShowHideOption1": {
            "locatorType": "xpath",
            "locatorValue": "(//*[@id='textWrap'][text()='Show/ Hide Column'])[1]"
        },
        "podTaskTitle": {
            "locatorType": "xpath",
            "locatorValue": "(//*[@id='list']/li[1])[1]"
        },
        "triangularTaskPlusIcon": {
            "locatorType": "xpath",
            "locatorValue": "//*[@id='popover']/div[1]/div[1]/span[3]/i[1]"
        },
        "triangularTask": {
            "locatorType": "xpath",
            "locatorValue": "(//*[@id='popover']/div[1]/div[1]/span[2])[1]"
        },
        "triangularTaskCancelIcon": {
            "locatorType": "xpath",
            "locatorValue": "//*[@id='popover']/div[1]/div[1]/span[3]/i[2]"
        },
        "triangularselectCrewSection": {
            "locatorType": "xpath",
            "locatorValue": "//*[@id='selectCrewSection']/div[3]/div/div[1]"
        },
        "siteSummaryPlanPage": {
            "locatorType": "xpath",
            "locatorValue": "//*[@id='sectionMoveable']/section/section/p[1]"
        },
	"plnPageConfMsgYesBtn": {
            "locatorType": "xpath",
            "locatorValue": "//*[@class='btn btn--primary float--right u-mr- ng-binding'][text()='Yes']"
        },
	"taskCompleteIcon1": {
            "locatorType": "css",
            "locatorValue": "#task-2 > span.state.float--right > a:nth-child(3)"
        },

         "turbineFirstselectionInPlan1": {
            "locatorType": "xpath",
            "locatorValue": "(//*[@id='task-2']/span[2]/a)[1]"
        },
    "recurrenceDropDown": {
	"locatorType": "xpath",
	"locatorValue": "//*[@id='createTurbine']/div/div[3]/form/div[16]/div[1]/select"
        },
        "turbinePageSearchField": {
	"locatorType": "xpath",
	"locatorValue": "//*[@id='mainPage']/div[2]/table/tbody/tr/td[1]/div/div[1]/div[1]/input"
         },
    "turbineSearchCases": {
	"locatorType": "xpath",
	"locatorValue": "//*[@id='mainPage']/div[2]/table/tbody/tr/td[1]/div/div[2]/div[1]/div[2]/div[2]/span"
         },
    "planRunBtn": {
	"locatorType": "xpath",
	"locatorValue": "//*[@id='animated-demo']/div[3]/div/section/div/div[3]/button[2]"
    },
    "currentPlanDateIcon": {
	"locatorType": "xpath",
	"locatorValue": "//*[@id='animated-demo']/div[3]/div/section/div/div[1]/div[1]/div/div[3]/a/i"
    },

    "printPreviewBtn": {
	"locatorType": "xpath",
	"locatorValue": "//*[@class='float--right btn btn--tertiary u-mb+ u-mr+ ng-binding ng-scope'][text()='Preview']"
    },

    "printEmailBtn": {
	"locatorType": "xpath",
	"locatorValue": "//*[@class='float--right btn btn--tertiary u-mb+ u-mr+ ng-binding ng-scope'][text()='Print to email']"
    },

    "archiveReportBackBtn": {
	"locatorType": "xpath",
	"locatorValue": "//*[@id='rptArchiveBack'][text()='Back']"
    },

    "personnelMangTab": {
	"locatorType": "xpath",
	"locatorValue": "//*[@class='pxh-navigation__item-text'][text()='Personnel Management']"
    },

    "assetsMangTab": {
	"locatorType": "xpath",
	"locatorValue": "//*[@class='pxh-navigation__item-text'][text()='Assets']"
    },

    "planofthedayMangTab": {
	"locatorType": "xpath",
	"locatorValue": "//*[@class='pxh-navigation__item-text'][text()='Plan of The Day']"
    },

    "taskPageUnsavedNoBtn": {
	"locatorType": "xpath",
	"locatorValue": "//*[@class='btn float--right u-mr- ng-binding'][text()='No']"
    },

    "taskPageUnsavedYesBtn": {
	"locatorType": "xpath",
	"locatorValue": "//*[@class='btn btn--primary float--right u-mr- ng-binding'][text()='Yes']"
    },

    "turbineStatusWidgetInReports": {
	"locatorType": "xpath",
	"locatorValue": "//*[@id='tsWidget']//span[2]/i"
    },
    "otherTurbineCategory": {
		 "locatorType": "xpath",
              "locatorValue": "//*[@id='createTurbine']/div/div[3]/form/div[4]/div[2]/select/option[5]"
    },
    "othersSiteCategoryType": {
            "locatorType": "xpath",
            "locatorValue": "//*[@id='createTurbine']/div/div[3]/form/div[4]/div[2]/select/option[4]"
    },
    "taskTypeInLeftNavigation": {
            "locatorType": "xpath",
            "locatorValue": "//*[@class='ng-binding'][text()='Others']"
        },

"noResultsFoundInTaskpage": {
	"locatorType": "xpath",
	"locatorValue": "//*[@class='no-task-message ng-binding ng-scope']"
    },

    "aPMCaseLabel": {
	"locatorType": "xpath",
	"locatorValue": "//*[@class='pull-right task-apm-icon ng-binding ng-scope']"
    },
    "editAPMCaseBtn": {
	"locatorType": "xpath",
	"locatorValue": "//*[@class='pull-right task-apm-icon ng-scope']"
    },

    "completedDateExecution": {
	"locatorType": "xpath",
	"locatorValue": "(//*[@id='fieldWrapper'])[5]"
    },


    "pendingTaskTitle": {
	"locatorType": "xpath",
	"locatorValue": "(//*[@ng-if='task.taskTitle'])[1]"
    },

    "addTaskSearchBox": {
    "locatorType": "xpath",
    "locatorValue": "(//*[@placeholder='Search...'])[1]"
        },


"planPageConfMsgCancelBtn": {
	"locatorType": "xpath",
	"locatorValue": "//*[@class='btn float--right u-ml- ng-binding'][text()='Cancel']"
},
"planPageConfMsgNoBtn": {
	"locatorType": "xpath",
	"locatorValue": "//*[@class='btn float--right u-mr- ng-binding'][text()='No']"
},
"taskPageUnsavedCancelBtn": {
	"locatorType": "xpath",
	"locatorValue": "//*[@class='btn float--right u-ml- ng-binding'][text()='Cancel']"
},
"reportPageConfMsgCancelBtn": {
	"locatorType": "xpath",
	"locatorValue": "//*[@class='btn float--right u-ml- ng-binding'][text()='Cancel']"
},
"reportPageConfMsgNoBtn": {
	"locatorType": "xpath",
	"locatorValue": "//*[@class='btn float--right u-mr- ng-binding'][text()='No']"
},
"reportPageConfMsgYesBtn": {
	"locatorType": "xpath",
	"locatorValue": "//*[@class='btn btn--primary float--right u-mr- ng-binding'][text()='Yes']"
},
"siteGroupSelectDifferent": {
	"locatorType": "xpath",
	"locatorValue": "//*[@class='flex__item item-label style-scope px-context-browser'][contains(text(),'Smoky Hills II')]"
},

"apmCasePriority": {
	"locatorType": "xpath",
	"locatorValue": "//*[@id='createTurbine']/div/div[3]/form/div[10]/div[1]/select"
},

"apmCaseRecurrence": {
	"locatorType": "xpath",
	"locatorValue": "//*[@id='createTurbine']/div/div[3]/form/div[16]/div[1]/select"
},

"assetTypeTurbine": {
	"locatorType": "xpath",
	"locatorValue": "(//*[@id='basic-form-checkbox'])[1]"
},

"previousDayReportNav": {
          "locatorType": "cssArray",
            "value":{
              "locatorValue": ".fa.fa-caret-left.navIconLink",
              "index":0
            }
        },

        "currentDayReportNav": {
          "locatorType": "cssArray",
            "value":{
              "locatorValue": ".fa.fa-caret-right.navIconLink",
              "index":0
            }
        },
       "countTurbinesOnline": {
            "locatorType": "xpath",
            "locatorValue": "//*[@id='tsWidget']/div/div[2]/div[1]/div[1]/div[1]/span"
        },

        "weatherWidgetSiteName": {
            "locatorType": "xpath",
            "locatorValue": "//*[@id='wrWidget']/div/div[2]/div/div[1]/div"
        },
      "reportEODNotes": {
            "locatorType": "xpath",
            "locatorValue": "//*[@id='editorEOD']/div[1]/p"
        },

        "reportTechReportNotes": {
            "locatorType": "xpath",
            "locatorValue": "//*[@id='editorFull']/div[1]"
        },

        "reportEODNotesAfterClear": {
            "locatorType": "xpath",
            "locatorValue": "//*[@id='editorEOD']/div[1]"
        },

       "reportTechReportNotesAfterClear": {
           "locatorType": "xpath",
            "locatorValue": "//*[@id='editorFull']/div[1]"
        }



 },

  "casePage": {

    "casesTab": {
      "locatorType": "css",
      "locatorValue": ".fa.fa-briefcase.pxh-navigation__item-icon"
    },

    "caseStatus": {
      "locatorType": "cssArray",
      "value": {
        "locatorValue": ".inbox-item-status.ng-binding",
        "index": 0
      }
    },

    "createCase": {
      "locatorType": "css",
      "locatorValue": ".fa.fa-plus.fa-stack-1x.style-scope.px-view-header"
    },

    "inputCaseTitle": {
      "locatorType": "id",
      "locatorValue": "case_title"
    },

    "assetSelectionLink": {
      "locatorType": "id",
      "locatorValue": "assetPicker"
    },

    "systemEnterprise": {
      "locatorType": "xpath",
      "locatorValue": "//*[@class='style-scope px-tree-node'][contains(text(),'COHI')]"
    },

    "systemSite": {
      "locatorType": "xpath",
      "locatorValue": "//*[@class='style-scope px-tree-node'][contains(text(),'Colorado Highlands')]"
    },

    "systemSegment": {
      "locatorType": "xpath",
      "locatorValue": "//*[@class='style-scope px-tree-node'][contains(text(),'Colorado Highlands 266311')]"
    },

    "systemAsset": {
      "locatorType": "xpath",
      "locatorValue": "//*[@class='style-scope px-tree-node'][contains(text(),'Colorado Highlands 11')]"
    },

    "assetSelectionOkButton": {
      "locatorType": "xpath",
      "locatorValue": "/html/body/div[1]/div/div/div[3]/button[2]"
    },

    "caseCreateButton": {
      "locatorType": "id",
      "locatorValue": "btnCreate"
    },

    "latestCaseFromInbox": {
      "locatorType": "xpath",
      "locatorValue": "//*[@id='case-0']/div[1]/div"
    },

    "turbineNameCaseDetails": {
      "locatorType": "xpath",
      "locatorValue": "//*[@id='content']/div[2]/section/div/section/div/div[2]/case-details/div/div[1]/div/case_header_info/div/div[1]/div[1]/asset-info/div/div[1]/span[3]"
    },

    "caseTitle": {
      "locatorType": "xpath",
      "locatorValue": "//*[@id='content']/div[2]/section/div/section/div/div[2]/case-details/div/div[1]/div/case_header_title/div/div/div[1]/div[2]/case-rename/case-inline-edit/div/div[1]/div[1]"
     },

    "view":{
      "locatorType": "xpath",
      "locatorValue": "//span[@id ='casesGridViewToggleContainer']//i[contains(@class,'fa-list style-scope px-view-header')]"
    },

    "enterSymptoms":{
      "locatorType": "xpath",
      "locatorValue": "(//*[@class='px-multiline-edit-container pae-multiline-edit-Symptoms'])[1]/div[1]/a"
    },

    "deleteHeader": {
      "locatorType": "xpath",
      "locatorValue": "//*[@class='modal-title u-mt0 u-pb+ px-modal weight--normal style-scope ng-scope']"
    },

    "deleteBody": {
      "locatorType": "xpath",
      "locatorValue": "//*[@translate='case.summary.operations.delete.prompt']"
    },

    "deleteConfBtn": {
      "locatorType": "xpath",
      "locatorValue": "//*[@name='yes_button']"
    },

    "enterSymptomsText":{
      "locatorType": "xpath",
      "locatorValue": "(//*[@class='px-multiline-edit-container pae-multiline-edit-Symptoms'])[1]/div[2]//textarea"
    },

    "enterDiagnosis":{
      "locatorType": "xpath",
      "locatorValue": "(//*[@class='px-multiline-edit-container pae-multiline-edit-Diagnosis'])[1]/div[1]/a"
    },

    "enterDiagnosisText":{
      "locatorType": "xpath",
      "locatorValue": "(//*[@class='px-multiline-edit-container pae-multiline-edit-Diagnosis'])[1]/div[2]//textarea"
    },

    "enterRecommendation":{
      "locatorType": "xpath",
      "locatorValue": "(//*[@class='px-multiline-edit-container pae-multiline-edit-Recommendation'])[1]/div[1]/a"
    },

    "enterRecommendationText":{
      "locatorType": "xpath",
      "locatorValue": "(//*[@class='px-multiline-edit-container pae-multiline-edit-Recommendation'])[1]/div[2]//textarea"
    },

    "caseName":{
      "locatorType": "xpath",
      "locatorValue": "//*[@class='case-inline-edit']/div[@name='case-header-name-inline-edit']/div"
    },

    "caseNameUpdate":{
      "locatorType": "xpath",
      "locatorValue": "(//*[@class='case-inline-edit'])[1]/div[2]/input"
    },

    "closureCode":{
      "locatorType": "xpath",
      "locatorValue": "//*[@id='closure-code-button']"
    },

    "action":{
      "locatorType": "xpath",
      "locatorValue": "(//*[@id='closure-code-2'])[1]"
    },

    "closeCase":{
      "locatorType": "xpath",
      "locatorValue": "//*[@class='modal-footer flex flex--right']//*[@name='close_button']"
    },

    "caseStatusUI":{
      "locatorType": "xpath",
      "locatorValue": "(//*[@class='inbox-item-status ng-binding'])[1]"
    },

    "optionSign":{
      "locatorType": "xpath",
      "locatorValue": "//*[@class='case-operations-container']//em"
    },

    "deleteCase":{
      "locatorType": "xpath",
      "locatorValue": "//*[@class='case-operations-container']//a[contains(@name,'delete_case')]"
    },

    "conformDelete":{
      "locatorType": "xpath",
      "locatorValue": "//*[@class='delete-case-modal ng-scope']//button[@name='yes_button']"
    },

    "siteGroupDropdwn": {
            "locatorType": "xpath",
            "locatorValue": "//*[@id='selectContext']/div[2]/h1/iron-icon"
        },

        "taskMangmntTab": {
            "locatorType": "xpath",
            "locatorValue": "//*[@id='js-navigation-plan.0.1']/a"
        },

        "activeSearchBtn": {
            "locatorType": "xpath",
            "locatorValue": "//*[@id='content']/section/div/div/div[2]/table/tbody/tr[1]/td[1]/div/div[1]/div[1]/input"
        },

        "pendingTaskTitle": {
	      "locatorType": "xpath",
	      "locatorValue": "(//*[@ng-if='task.taskTitle'])[1]"
        },

        "noResultsFoundInTaskpage": {
	      "locatorType": "xpath",
	      "locatorValue": "//*[@class='no-task-message ng-binding ng-scope']"
        },

        "recommendedSelected": {
	      "locatorType": "xpath",
	      "locatorValue": "//*[@class='ng-binding color-selected-stage'][contains(.,' Recommended ')]"
        },

        "actionTimeframe": {
	      "locatorType": "xpath",
	      "locatorValue": "//*[@id='content']/div[2]/section/div/section/div/div[2]/case-details/div/div[2]/div/div/div[6]/case-actions/div/div[2]/div/div/div/div[4]/div/div[2]/div[2]/div/div[2]"
        },

        "actionPurpose": {
	      "locatorType": "xpath",
	      "locatorValue": "//*[@id='content']/div[2]/section/div/section/div/div[2]/case-details/div/div[2]/div/div/div[6]/case-actions/div/div[2]/div/div/div/div[4]/div/div[2]/div[1]/div/div[2]"
        },

        "taskSearch": {
      "locatorType": "xpath",
      "locatorValue": "//*[@id='top']/div[2]/table/tbody/tr/td[1]/div/div[2]/div[1]/div[2]/div[1]/span[1]"
    },

    "activeSearchTurbine": {
      "locatorType": "xpath",
      "locatorValue": "//*[@id='addTaskDialog_0']/div/div[1]/div[1]/div/span/div/div[1]/div[2]/input"
    },

    "selectAssetOne": {
      "locatorType": "cssArray",
      "value":{
        "locatorValue": ".multiSelectItem.ng-scope.vertical",
        "index":0
      }
    },

    "verifyCaseStatus": {
      "locatorType": "xpath",
      "locatorValue": "//*[@class='case-status-div dropdown-toggle flex flex--middle ng-binding']"
    },

    "closureCodeDrowdown":{
      "locatorType": "id",
      "locatorValue": "closure-code-button"
    },

    "selectValueClosureCodeDrowdown":{
      "locatorType": "id",
      "locatorValue": "closure-code-0"
    },

    "closeCaseButton":{
      "locatorType": "xpath",
      "locatorValue": "/html/body/div[1]/div/div/case-closure-modal/div/div[3]/button[2]"
    },

        "actionTimeframeNewAction": {
        "locatorType": "xpath",
        "locatorValue": "(//*[@id='content']/div[2]/section/div/section/div/div[2]/case-details/div/div[2]/div/div/div[6]/case-actions/div/div[2]/div/div/div/div[4]/div/div[2]/div[2]/div/div[2])[1]"
        },


        "actionPurposeNewAction": {
        "locatorType": "xpath",
        "locatorValue": "(//*[@id='content']/div[2]/section/div/section/div/div[2]/case-details/div/div[2]/div/div/div[6]/case-actions/div/div[2]/div/div/div/div[4]/div/div[2]/div[1]/div/div[2])[1]"
        },

       "actionTitle": {
          "locatorType": "xpath",
          "locatorValue": "//*[@id='content']/div[2]/section/div/section/div/div[2]/case-details/div/div[2]/div/div/div[6]/case-actions/div/div[2]/div/div/div/div[4]/div/div[1]/div/div[1]/div[1]"
       },

       "actionTitleNewAction": {
          "locatorType": "xpath",
          "locatorValue": "(//*[@id='content']/div[2]/section/div/section/div/div[2]/case-details/div/div[2]/div/div/div[6]/case-actions/div/div[2]/div/div/div/div[4]/div/div[1]/div/div[1]/div[1])[1]"
       },

       "actionComments": {
          "locatorType": "xpath",
          "locatorValue": "//*[@id='content']/div[2]/section/div/section/div/div[2]/case-details/div/div[2]/div/div/div[6]/case-actions/div/div[2]/div/div/div/div[4]/div/div[3]/div[1]/div/div[2]"
       },

       "verifyCaseResolutionNotes": {
          "locatorType": "xpath",
          "locatorValue": "//*[@id='content']/div[2]/section/div/section/div/div[2]/case-details/div/div[2]/div/div/div[6]/case-actions/div/div[2]/div/div/div/div[4]/div/div[3]/div[1]/div/div[2]"
       },

       "taskDueDate": {
          "locatorType": "xpath",
          "locatorValue": "//*[@id='top']/div[2]/table/tbody/tr/td[2]/div/div/div[1]/div[2]/table/tbody/tr[2]/td[2]"
       },

       "taskDescriptionDpod": {
            "locatorType": "xpath",
            "locatorValue": "//*[@id='top']/div[2]/table/tbody/tr/td[2]/div/div/div[2]/div[2]/plan-tab-content/div/section[1]/div[2]/pre"
        },

       "taskPriority": {
          "locatorType": "xpath",
          "locatorValue": "(//div[@class='task']/div/span[contains(text(),'IMMEDIATE')])[1]"
       },

       "caseNameToEdit": {
          "locatorType": "xpath",
        "locatorValue": "//div[@name='case-header-name-inline-edit'][@class='text-ellipsis field-style u-pr1 inline-text-label ng-binding']"
       },
       "caseEditInput": {
          "locatorType": "xpath",
          "locatorValue": "(//div[@class='case-inline-edit'])[1]/div[2]/input"
       },
      "plannedSelected": {
        "locatorType": "xpath",
        "locatorValue": "//*[@class='ng-binding color-selected-stage'][contains(.,' Planned')]"
    },

    "completedSelected": {
        "locatorType": "xpath",
        "locatorValue": "//*[@class='ng-binding color-selected-stage'][contains(.,' Completed')]"
    },
    "recommendedChecked": {
        "locatorType": "xpath",
        "locatorValue": "//*[@class='ng-binding color-gray-5'][contains(.,' Recommended ')]"
    },
    "acceptActionButton": {
        "locatorType": "xpath",
        "locatorValue": "//*[@name='accept-action-button']"
    },
    "acceptButton": {
        "locatorType": "xpath",
        "locatorValue": "//*[@name='accept_button']"
    },
    "taskCurrentStatus":{
        "locatorType": "cssArray",
        "value":{
          "locatorValue": "div.camelcase.ng-binding",
          "index":0
        }
    },
    "createActionButton": {
        "locatorType": "xpath",
        "locatorValue": "//*[@name='create-action']"
    },
    "createActionTitle": {
        "locatorType": "id",
        "locatorValue": "create-action-title"
    },
    "createActionCloseButton": {
        "locatorType": "xpath",
        "locatorValue": "//*[@name='close_button']"
    },
    "latestActionCreated":{
        "locatorType": "xpath",
          "locatorValue": "//*[@class='field-style color-black-bold case_actions_action_entry_title ng-binding'][@title='TestCaseAction']"
    },
    "taskPriority1":{
        "locatorType": "xpath",
          "locatorValue": "(//*[@class='task_priority ng-binding'])[1]"
    },
    "latestActionDelete":{
        "locatorType": "xpath",
          "locatorValue": "(//*[@class='fa fa-trash fa-trash-style'])[1]"
    },
    "actionDeleteYesButton": {
        "locatorType": "xpath",
        "locatorValue": "//*[@name='yes_button']"
    },

    "actionTimeFrameDropdown": {
        "locatorType": "xpath",
        "locatorValue": "(//div[@name='timeframe-dropdown'][@class='min-width-70 white-space-nowrap case-actions-code-button ng-binding dropdown-toggle'])/i"
    },

    "verifyCaseUrgency": {
        "locatorType": "xpath",
        "locatorValue": "(//*[@class='btn-group flex__item dropdown'][3])/div"
    }
 }
}
